{
  "numSamples": 20,
  "gridSize": 64,
  "numTimesteps": 11,
  "tempMin": -0.8321435451507568,
  "tempMax": 1.2152589559555054,
  "sampleIds": [
    76,
    136,
    280,
    319,
    411,
    513,
    521,
    626,
    636,
    660,
    678,
    737,
    740,
    761,
    811,
    859,
    883,
    899,
    938,
    973
  ]
}